txn_id,account_id,txn_date,txn_type,amount,merchant,channel,country,status
T00001,AC00460,2025-03-10,Payment,991.33,N/A,EFT,ZA,Success
T00002,AC00076,2024-10-01,Deposit,4456.97,N/A,Branch,ZA,Success
T00003,AC00147,2025-04-26,Deposit,2396.38,N/A,MobileApp,ZA,Success
T00004,AC00071,2025-07-26,Withdrawal,562.61,N/A,Branch,ZA,Success
T00005,AC00088,2025-03-27,Transfer,964.07,Capitec Bank,Branch,ZA,Success
T00006,AC00471,2025-04-21,Payment,1108.22,N/A,ATM,ZA,Failed
T00007,AC00153,2025-10-24,Deposit,510.31,N/A,Online,SZ,Success
T00008,AC00478,2025-08-16,Purchase,907.62,Woolworths,ATM,ZA,Success
T00009,AC00261,2025-09-26,Deposit,809.25,N/A,Branch,SZ,Success
T00010,AC00120,2024-03-24,Purchase,1467.29,Takealot,MobileApp,ZA,Success
T00011,AC00407,2025-08-01,Deposit,17550.47,N/A,POS,SZ,Success
T00012,AC00413,2024-12-17,Payment,1116.56,N/A,POS,ZA,Success
T00013,AC00342,2024-04-18,Withdrawal,1254.8,N/A,MobileApp,ZA,Success
T00014,AC00158,2024-11-03,Deposit,5312.06,N/A,Branch,ZA,Success
T00015,AC00444,2024-08-22,Withdrawal,2040.05,N/A,POS,ZA,Success
T00016,AC00415,2024-02-15,Deposit,2064.54,N/A,Online,ZA,Success
T00017,AC00230,2024-08-31,Withdrawal,213.27,N/A,ATM,ZA,Success
T00018,AC00319,2024-04-28,Purchase,1468.93,Checkers,POS,ZA,Success
T00019,AC00109,2024-07-29,Deposit,5448.31,N/A,EFT,ZA,Success
T00020,AC00261,2024-07-02,Transfer,6428.7,Capitec Bank,EFT,ZA,Success
T00021,AC00100,2025-11-02,Purchase,2531.45,PicknPay,Branch,NA,Success
T00022,AC00360,2025-02-06,Withdrawal,190.48,N/A,MobileApp,ZA,Success
T00023,AC00027,2025-02-18,Withdrawal,1192.57,N/A,Branch,ZA,Success
T00024,AC00106,2025-10-10,Purchase,2912.5,Amazon,EFT,ZA,Success
T00025,AC00311,2024-05-11,Deposit,11732.31,N/A,MobileApp,ZA,Success
T00026,AC00193,2025-08-01,Purchase,1655.66,Amazon,POS,SZ,Success
T00027,AC00168,2024-08-24,Withdrawal,2959.31,N/A,Online,ZA,Success
T00028,AC00497,2025-07-29,Transfer,418.41,FNB,MobileApp,ZA,Success
T00029,AC00183,2025-10-19,Deposit,9092.67,N/A,POS,ZA,Success
T00030,AC00338,2024-07-30,Deposit,15274.03,N/A,Online,ZA,Success
T00031,AC00197,2025-05-14,Purchase,2745.09,Nando's,MobileApp,SZ,Success
T00032,AC00394,2025-08-24,Deposit,2449.48,N/A,Branch,SZ,Success
T00033,AC00023,2025-10-19,Deposit,1986.61,N/A,Branch,ZA,Success
T00034,AC00345,2024-06-06,Deposit,7061.72,N/A,Online,ZA,Success
T00035,AC00203,2025-10-05,Transfer,844.01,Standard Bank,ATM,ZA,Success
T00036,AC00046,2024-04-29,Withdrawal,412.28,N/A,Online,ZA,Success
T00037,AC00081,2025-01-27,Purchase,1620.8,PicknPay,EFT,BW,Success
T00038,AC00253,2025-03-31,Purchase,375.91,Checkers,EFT,ZA,Success
T00039,AC00079,2025-01-02,Deposit,10303.3,N/A,ATM,ZA,Success
T00040,AC00181,2024-01-22,Deposit,6894.78,N/A,MobileApp,ZA,Success
T00041,AC00459,2025-09-08,Deposit,604.06,N/A,ATM,ZA,Success
T00042,AC00159,2025-05-07,Withdrawal,97.3,N/A,EFT,ZA,Success
T00043,AC00093,2025-10-14,Transfer,4262.95,FNB,MobileApp,ZA,Success
T00044,AC00021,2025-05-14,Transfer,6055.29,Standard Bank,EFT,NA,Success
T00045,AC00355,2024-03-01,Purchase,1872.54,Checkers,ATM,ZA,Success
T00046,AC00247,2024-09-12,Deposit,9594.67,N/A,Branch,SZ,Success
T00047,AC00237,2025-09-16,Deposit,1793.23,N/A,POS,MZ,Success
T00048,AC00183,2024-10-17,Deposit,13831.64,N/A,MobileApp,ZA,Success
T00049,AC00177,2024-06-26,Purchase,2371.65,Checkers,ATM,ZA,Success
T00050,AC00178,2025-06-02,Purchase,585.98,Amazon,ATM,ZA,Success
T00051,AC00497,2025-09-15,Withdrawal,733.55,N/A,MobileApp,ZA,Success
T00052,AC00318,2025-04-25,Purchase,1012.55,Checkers,MobileApp,ZA,Failed
T00053,AC00264,2024-03-10,Withdrawal,2516.81,N/A,ATM,MZ,Success
T00054,AC00382,2024-11-21,Purchase,971.88,Takealot,MobileApp,ZA,Success
T00055,AC00472,2024-03-29,Transfer,1427.22,FNB,Branch,ZA,Success
T00056,AC00277,2024-09-24,Purchase,2039.58,Woolworths,POS,ZM,Success
T00057,AC00112,2025-06-16,Purchase,533.1,Nando's,MobileApp,ZA,Success
T00058,AC00399,2024-11-05,Withdrawal,3205.24,N/A,MobileApp,ZA,Success
T00059,AC00279,2024-05-12,Deposit,2960.07,N/A,POS,ZA,Success
T00060,AC00069,2025-07-11,Purchase,1243.03,PicknPay,POS,ZA,Success
T00061,AC00124,2025-10-15,Withdrawal,2279.92,N/A,Branch,ZA,Pending
T00062,AC00213,2024-03-01,Purchase,632.35,Takealot,Branch,ZA,Success
T00063,AC00410,2024-11-18,Purchase,2463.58,Checkers,ATM,ZA,Success
T00064,AC00343,2024-03-22,Withdrawal,1822.19,N/A,EFT,ZA,Success
T00065,AC00033,2024-05-30,Purchase,1164.94,Checkers,Online,ZA,Success
T00066,AC00486,2025-05-27,Purchase,5550.32,Checkers,Branch,ZA,Success
T00067,AC00123,2024-05-13,Payment,1613.51,N/A,EFT,ZA,Success
T00068,AC00132,2024-06-25,Purchase,928.81,Amazon,Online,ZA,Success
T00069,AC00485,2024-01-26,Purchase,878.58,Amazon,EFT,SZ,Success
T00070,AC00154,2025-09-22,Deposit,4654.14,N/A,MobileApp,ZA,Success
T00071,AC00274,2025-07-01,Withdrawal,310.09,N/A,ATM,ZA,Success
T00072,AC00462,2024-01-01,Deposit,9154.83,N/A,EFT,BW,Failed
T00073,AC00238,2024-03-03,Deposit,6973.36,N/A,Branch,ZA,Success
T00074,AC00463,2024-03-11,Withdrawal,3779.51,N/A,Branch,ZA,Success
T00075,AC00172,2025-07-06,Purchase,970.7,Amazon,ATM,ZA,Success
T00076,AC00323,2025-01-04,Payment,1464.86,N/A,ATM,ZA,Success
T00077,AC00227,2025-05-03,Withdrawal,1558.69,N/A,ATM,ZA,Failed
T00078,AC00499,2024-02-19,Purchase,621.81,Checkers,Branch,ZA,Success
T00079,AC00009,2025-06-21,Purchase,579.92,Woolworths,ATM,ZA,Success
T00080,AC00252,2025-10-25,Withdrawal,2651.5,N/A,EFT,ZA,Success
T00081,AC00361,2025-06-30,Purchase,1736.03,Amazon,MobileApp,NA,Success
T00082,AC00250,2024-03-20,Deposit,1035.53,N/A,EFT,ZA,Success
T00083,AC00486,2025-04-15,Purchase,536.12,Woolworths,EFT,ZA,Success
T00084,AC00068,2025-04-10,Purchase,719.11,Woolworths,Online,ZA,Success
T00085,AC00014,2025-08-03,Purchase,2193.73,Shell,ATM,SZ,Success
T00086,AC00218,2024-01-19,Purchase,766.96,PicknPay,MobileApp,ZA,Failed
T00087,AC00199,2024-10-09,Transfer,8985.74,Standard Bank,ATM,ZA,Success
T00088,AC00096,2024-12-30,Deposit,2200.56,N/A,EFT,ZA,Success
T00089,AC00147,2025-04-04,Transfer,2566.56,Standard Bank,Branch,ZA,Success
T00090,AC00288,2024-03-23,Purchase,2219.56,Amazon,EFT,ZA,Success
T00091,AC00353,2024-12-21,Withdrawal,106.5,N/A,MobileApp,BW,Success
T00092,AC00194,2024-03-06,Transfer,763.51,FNB,Online,ZA,Success
T00093,AC00098,2024-06-28,Purchase,1413.13,Checkers,Online,ZA,Success
T00094,AC00448,2024-06-30,Withdrawal,3565.99,N/A,Branch,SZ,Success
T00095,AC00303,2025-08-10,Purchase,841.93,Amazon,POS,ZA,Success
T00096,AC00345,2024-01-05,Purchase,2544.7,Shell,MobileApp,ZA,Success
T00097,AC00205,2025-08-13,Purchase,1594.02,Checkers,EFT,MZ,Success
T00098,AC00412,2025-02-08,Withdrawal,2479.53,N/A,POS,ZA,Success
T00099,AC00380,2024-07-17,Withdrawal,300.77,N/A,MobileApp,NA,Success
T00100,AC00358,2025-08-05,Withdrawal,3077.49,N/A,POS,ZA,Success
T00101,AC00014,2024-08-17,Deposit,4583.71,N/A,MobileApp,MZ,Success
T00102,AC00125,2024-06-07,Deposit,7961.27,N/A,Branch,ZA,Success
T00103,AC00330,2025-05-13,Withdrawal,428.09,N/A,ATM,ZA,Success
T00104,AC00248,2024-05-05,Purchase,178.23,PicknPay,Online,ZA,Success
T00105,AC00452,2024-12-22,Withdrawal,1192.11,N/A,Online,ZA,Success
T00106,AC00175,2025-06-20,Withdrawal,225.48,N/A,Online,ZA,Success
T00107,AC00186,2025-05-17,Deposit,6808.94,N/A,Branch,ZA,Success
T00108,AC00228,2025-09-02,Payment,824.35,N/A,ATM,ZA,Success
T00109,AC00159,2024-04-15,Deposit,6782.12,N/A,ATM,ZA,Success
T00110,AC00041,2025-09-29,Withdrawal,3206.11,N/A,EFT,ZA,Success
T00111,AC00489,2025-07-07,Payment,1270.94,N/A,Online,ZA,Success
T00112,AC00441,2024-06-30,Withdrawal,2512.1,N/A,Online,ZA,Success
T00113,AC00030,2025-05-27,Payment,1763.75,N/A,MobileApp,ZA,Success
T00114,AC00495,2024-11-12,Purchase,2.16,Amazon,POS,ZA,Success
T00115,AC00266,2024-04-09,Deposit,11560.38,N/A,EFT,ZA,Success
T00116,AC00483,2024-11-03,Purchase,298.51,Amazon,EFT,ZA,Success
T00117,AC00162,2024-03-31,Deposit,13801.25,N/A,MobileApp,ZA,Success
T00118,AC00081,2025-09-27,Transfer,2214.18,Standard Bank,MobileApp,ZA,Success
T00119,AC00070,2024-04-29,Purchase,1779.25,Takealot,MobileApp,ZM,Success
T00120,AC00028,2025-08-08,Purchase,65.11,Takealot,Branch,ZA,Success
T00121,AC00186,2024-11-25,Transfer,3572.44,Capitec Bank,MobileApp,ZA,Success
T00122,AC00242,2025-07-04,Withdrawal,1735.88,N/A,POS,ZA,Success
T00123,AC00124,2025-03-27,Deposit,13336.6,N/A,Branch,ZA,Pending
T00124,AC00438,2025-08-12,Purchase,752.4,Nando's,MobileApp,ZA,Success
T00125,AC00454,2025-08-17,Withdrawal,2328.74,N/A,ATM,ZA,Success
T00126,AC00313,2024-10-22,Withdrawal,1284.79,N/A,Online,MZ,Success
T00127,AC00471,2025-03-26,Transfer,5192.26,FNB,Branch,ZA,Success
T00128,AC00330,2024-10-22,Deposit,3184.54,N/A,EFT,ZA,Success
T00129,AC00364,2025-06-02,Deposit,9946.85,N/A,Online,ZA,Success
T00130,AC00022,2025-03-25,Purchase,1011.49,Nando's,MobileApp,ZM,Success
T00131,AC00423,2025-06-29,Purchase,496.85,Takealot,MobileApp,ZA,Success
T00132,AC00018,2025-04-17,Withdrawal,2088.21,N/A,ATM,BW,Success
T00133,AC00008,2025-08-26,Deposit,3686.57,N/A,Branch,ZA,Success
T00134,AC00479,2024-06-02,Withdrawal,656.87,N/A,Online,ZA,Success
T00135,AC00499,2024-11-07,Transfer,1281.55,Standard Bank,Branch,ZA,Failed
T00136,AC00245,2025-08-19,Purchase,1402.07,PicknPay,Online,ZA,Success
T00137,AC00459,2024-10-03,Deposit,746.75,N/A,POS,ZA,Success
T00138,AC00235,2024-03-20,Purchase,1412.37,PicknPay,ATM,ZA,Success
T00139,AC00419,2024-10-19,Purchase,298.95,Checkers,EFT,ZA,Success
T00140,AC00240,2024-02-04,Payment,452.02,N/A,Online,ZA,Success
T00141,AC00394,2025-08-04,Withdrawal,2477.43,N/A,POS,SZ,Success
T00142,AC00220,2025-02-09,Purchase,2085.5,Amazon,Branch,NA,Success
T00143,AC00125,2024-05-13,Purchase,516.59,Nando's,Online,ZA,Success
T00144,AC00208,2025-05-16,Transfer,5354.54,Standard Bank,Branch,ZM,Success
T00145,AC00091,2025-08-19,Purchase,447.02,Checkers,EFT,ZA,Success
T00146,AC00054,2025-10-31,Deposit,9864.19,N/A,EFT,ZA,Success
T00147,AC00125,2024-11-27,Withdrawal,1848.22,N/A,ATM,ZA,Success
T00148,AC00146,2024-09-25,Purchase,540.53,PicknPay,ATM,ZA,Success
T00149,AC00156,2024-05-04,Withdrawal,236.54,N/A,POS,ZA,Success
T00150,AC00118,2025-08-14,Deposit,2668.11,N/A,Branch,ZA,Success
T00151,AC00013,2024-10-23,Payment,2465.98,N/A,POS,ZA,Success
T00152,AC00055,2025-03-22,Purchase,1884.8,PicknPay,Branch,ZA,Success
T00153,AC00106,2024-08-15,Deposit,16603.74,N/A,ATM,SZ,Success
T00154,AC00220,2024-09-06,Withdrawal,2809.91,N/A,ATM,MZ,Success
T00155,AC00472,2025-02-03,Deposit,1737.09,N/A,Online,ZA,Success
T00156,AC00341,2025-07-07,Fee,11.68,N/A,POS,ZA,Success
T00157,AC00147,2025-08-21,Withdrawal,2603.46,N/A,Branch,ZA,Success
T00158,AC00464,2024-03-15,Deposit,4322.97,N/A,POS,ZA,Success
T00159,AC00254,2025-02-15,Transfer,1372.03,Capitec Bank,EFT,BW,Success
T00160,AC00387,2024-05-09,Purchase,802.24,PicknPay,EFT,ZA,Success
T00161,AC00144,2024-09-16,Deposit,3148.32,N/A,POS,ZA,Success
T00162,AC00408,2024-02-13,Withdrawal,3186.49,N/A,MobileApp,NA,Success
T00163,AC00483,2024-09-16,Deposit,351.06,N/A,EFT,ZA,Success
T00164,AC00157,2024-08-28,Purchase,375.87,Amazon,MobileApp,ZA,Success
T00165,AC00057,2024-12-13,Purchase,1631.09,PicknPay,POS,ZA,Success
T00166,AC00324,2024-03-23,Purchase,225.59,Woolworths,Online,ZA,Success
T00167,AC00239,2024-09-21,Deposit,1367.59,N/A,EFT,ZA,Success
T00168,AC00072,2025-01-25,Purchase,2416.53,Amazon,EFT,ZA,Success
T00169,AC00144,2024-04-16,Deposit,4392.54,N/A,Online,ZA,Success
T00170,AC00161,2024-05-14,Purchase,1179.99,Woolworths,POS,ZA,Success
T00171,AC00404,2024-09-04,Purchase,1474.32,Checkers,Online,ZA,Success
T00172,AC00160,2025-05-12,Purchase,907.67,Amazon,ATM,SZ,Success
T00173,AC00426,2024-11-27,Purchase,1292.32,Amazon,ATM,ZA,Success
T00174,AC00301,2025-04-18,Deposit,10878.97,N/A,POS,ZA,Success
T00175,AC00277,2025-02-20,Purchase,278.42,Takealot,MobileApp,ZA,Success
T00176,AC00174,2024-03-24,Deposit,6557.26,N/A,Online,ZA,Pending
T00177,AC00019,2025-06-06,Payment,1249.97,N/A,POS,ZA,Success
T00178,AC00153,2025-08-19,Transfer,1923.07,Capitec Bank,Branch,ZA,Success
T00179,AC00101,2025-04-24,Deposit,5200.13,N/A,MobileApp,ZA,Success
T00180,AC00131,2024-02-06,Purchase,1356.24,Woolworths,EFT,ZA,Success
T00181,AC00238,2025-03-20,Payment,1337.67,N/A,Online,ZA,Success
T00182,AC00258,2024-07-22,Withdrawal,494.02,N/A,EFT,ZA,Success
T00183,AC00371,2025-02-07,Deposit,5566.89,N/A,MobileApp,ZA,Success
T00184,AC00492,2025-08-02,Purchase,3807.18,Takealot,ATM,ZA,Success
T00185,AC00431,2025-08-07,Purchase,3103.75,Checkers,MobileApp,ZA,Success
T00186,AC00272,2024-09-23,Transfer,3566.78,Nedbank,Branch,ZA,Success
T00187,AC00115,2025-09-23,Withdrawal,1675.33,N/A,Branch,ZA,Success
T00188,AC00387,2025-09-24,Purchase,1552.92,Checkers,EFT,ZA,Success
T00189,AC00002,2024-05-11,Withdrawal,2127.01,N/A,MobileApp,ZA,Success
T00190,AC00161,2024-05-16,Withdrawal,1210.59,N/A,Branch,ZA,Success
T00191,AC00479,2025-01-21,Deposit,3414.98,N/A,EFT,ZA,Success
T00192,AC00234,2024-02-26,Transfer,1270.32,Standard Bank,ATM,SZ,Failed
T00193,AC00057,2024-01-19,Purchase,210.65,Takealot,POS,ZA,Success
T00194,AC00034,2025-10-20,Deposit,5074.98,N/A,MobileApp,ZA,Success
T00195,AC00219,2024-02-24,Withdrawal,597.44,N/A,ATM,ZA,Success
T00196,AC00181,2025-03-27,Withdrawal,802.49,N/A,ATM,ZA,Success
T00197,AC00130,2024-01-04,Deposit,12148.42,N/A,POS,ZA,Failed
T00198,AC00022,2024-12-20,Withdrawal,2845.84,N/A,Branch,ZA,Pending
T00199,AC00072,2025-06-11,Deposit,5448.83,N/A,MobileApp,MZ,Success
T00200,AC00355,2025-04-01,Deposit,320.56,N/A,EFT,ZA,Success
T00201,AC00359,2024-11-30,Payment,30.12,N/A,POS,ZA,Success
T00202,AC00333,2024-07-09,Transfer,6894.89,Standard Bank,ATM,ZA,Success
T00203,AC00259,2024-08-02,Transfer,1762.53,Capitec Bank,POS,ZA,Success
T00204,AC00157,2025-03-27,Purchase,2538.79,Nando's,EFT,ZA,Pending
T00205,AC00192,2025-09-29,Withdrawal,283.63,N/A,Online,ZA,Success
T00206,AC00401,2024-08-07,Withdrawal,1039.0,N/A,MobileApp,ZA,Success
T00207,AC00176,2025-11-08,Purchase,818.44,Takealot,POS,ZA,Success
T00208,AC00205,2024-07-23,Purchase,2363.04,Shell,EFT,ZA,Success
T00209,AC00465,2025-02-02,Transfer,549.55,Nedbank,ATM,SZ,Success
T00210,AC00092,2024-12-05,Purchase,982.19,Shell,EFT,ZA,Success
T00211,AC00443,2025-03-29,Purchase,89.05,Checkers,POS,ZA,Success
T00212,AC00399,2024-10-12,Purchase,1965.89,Amazon,Online,ZA,Success
T00213,AC00027,2024-10-07,Transfer,1872.73,FNB,ATM,ZA,Success
T00214,AC00240,2024-06-14,Withdrawal,1168.73,N/A,MobileApp,ZA,Success
T00215,AC00431,2024-11-03,Withdrawal,1432.12,N/A,POS,ZA,Success
T00216,AC00168,2024-03-30,Purchase,2597.73,Checkers,Online,ZA,Success
T00217,AC00084,2025-09-28,Payment,568.93,N/A,POS,ZA,Pending
T00218,AC00308,2025-09-14,Purchase,1768.95,Woolworths,POS,ZA,Success
T00219,AC00118,2025-07-14,Deposit,6497.91,N/A,Branch,ZA,Success
T00220,AC00418,2024-03-13,Purchase,568.01,Woolworths,MobileApp,ZA,Success
T00221,AC00246,2025-06-25,Transfer,6307.21,Capitec Bank,Online,ZA,Success
T00222,AC00084,2025-09-25,Purchase,1937.0,Takealot,Online,SZ,Success
T00223,AC00319,2025-05-06,Purchase,195.23,PicknPay,POS,ZA,Success
T00224,AC00219,2025-08-07,Deposit,4143.65,N/A,Online,ZA,Success
T00225,AC00280,2025-08-30,Purchase,724.55,PicknPay,ATM,ZA,Success
T00226,AC00204,2025-07-11,Payment,1211.3,N/A,ATM,ZA,Success
T00227,AC00057,2024-09-06,Transfer,2432.12,Capitec Bank,EFT,ZA,Success
T00228,AC00160,2024-04-07,Purchase,835.3,PicknPay,Branch,ZA,Pending
T00229,AC00462,2025-05-26,Deposit,2921.65,N/A,Online,ZA,Success
T00230,AC00390,2024-05-02,Purchase,2059.06,Woolworths,Branch,ZA,Success
T00231,AC00047,2025-04-05,Deposit,11729.77,N/A,MobileApp,ZA,Success
T00232,AC00314,2025-06-01,Fee,61.3,N/A,MobileApp,SZ,Success
T00233,AC00236,2025-07-12,Deposit,30568.63,N/A,Branch,ZA,Success
T00234,AC00499,2024-06-19,Withdrawal,99.66,N/A,Branch,ZA,Success
T00235,AC00443,2024-04-25,Transfer,481.93,FNB,MobileApp,ZA,Success
T00236,AC00084,2025-10-22,Deposit,4118.43,N/A,MobileApp,ZA,Success
T00237,AC00302,2024-11-28,Deposit,7487.89,N/A,Branch,ZA,Success
T00238,AC00483,2025-06-18,Deposit,1499.9,N/A,EFT,NA,Success
T00239,AC00223,2025-01-21,Transfer,8793.45,Capitec Bank,ATM,ZA,Success
T00240,AC00252,2025-08-18,Purchase,656.01,Checkers,EFT,ZA,Success
T00241,AC00328,2024-08-17,Deposit,4578.02,N/A,EFT,ZA,Success
T00242,AC00072,2025-06-17,Purchase,2011.74,Woolworths,POS,ZA,Success
T00243,AC00380,2024-04-08,Purchase,1068.33,Nando's,EFT,ZA,Success
T00244,AC00033,2025-04-06,Purchase,65.07,Amazon,ATM,ZA,Success
T00245,AC00016,2024-08-22,Transfer,1442.59,Nedbank,MobileApp,ZA,Success
T00246,AC00286,2024-04-24,Purchase,74.24,Takealot,Branch,ZA,Success
T00247,AC00359,2024-03-30,Withdrawal,1796.75,N/A,EFT,ZA,Success
T00248,AC00274,2025-05-02,Purchase,804.8,Amazon,ATM,ZA,Pending
T00249,AC00246,2024-09-14,Purchase,1185.52,Shell,Branch,ZA,Success
T00250,AC00293,2025-08-13,Deposit,1801.72,N/A,Online,ZA,Success
T00251,AC00308,2025-06-10,Payment,2590.19,N/A,EFT,ZA,Success
T00252,AC00276,2024-11-05,Deposit,3997.0,N/A,Branch,ZA,Success
T00253,AC00068,2024-01-21,Deposit,14348.4,N/A,ATM,ZA,Pending
T00254,AC00123,2024-12-07,Withdrawal,341.5,N/A,POS,ZA,Success
T00255,AC00023,2025-09-10,Deposit,8720.32,N/A,MobileApp,ZA,Success
T00256,AC00461,2025-01-28,Payment,152.68,N/A,MobileApp,ZM,Success
T00257,AC00276,2024-09-06,Purchase,341.09,Nando's,ATM,ZA,Pending
T00258,AC00407,2025-03-17,Withdrawal,56.53,N/A,ATM,ZA,Success
T00259,AC00155,2024-06-05,Withdrawal,931.2,N/A,MobileApp,ZA,Success
T00260,AC00212,2025-05-28,Payment,659.39,N/A,MobileApp,ZA,Success
T00261,AC00414,2025-08-02,Withdrawal,3308.81,N/A,ATM,ZA,Success
T00262,AC00351,2025-04-04,Withdrawal,723.06,N/A,ATM,ZA,Success
T00263,AC00497,2024-03-10,Withdrawal,635.51,N/A,ATM,ZA,Success
T00264,AC00293,2025-05-02,Purchase,2840.23,Takealot,Branch,ZA,Success
T00265,AC00450,2024-09-19,Deposit,8870.27,N/A,EFT,ZA,Success
T00266,AC00472,2025-02-23,Deposit,11051.29,N/A,MobileApp,ZA,Success
T00267,AC00238,2025-07-07,Purchase,1396.72,Takealot,Branch,ZA,Success
T00268,AC00132,2025-08-13,Withdrawal,1356.0,N/A,EFT,NA,Success
T00269,AC00292,2025-07-23,Purchase,1773.33,Nando's,POS,ZA,Success
T00270,AC00179,2024-03-10,Deposit,1043.5,N/A,Online,ZA,Success
T00271,AC00283,2024-05-05,Deposit,3860.36,N/A,Online,ZA,Success
T00272,AC00171,2025-01-28,Deposit,9851.22,N/A,Online,NA,Success
T00273,AC00265,2024-05-01,Transfer,5817.98,FNB,ATM,NA,Success
T00274,AC00188,2024-09-30,Purchase,914.9,Amazon,Online,ZA,Success
T00275,AC00291,2025-01-22,Withdrawal,2550.18,N/A,Online,BW,Success
T00276,AC00018,2024-02-02,Deposit,2829.81,N/A,POS,BW,Success
T00277,AC00093,2024-04-04,Deposit,2859.97,N/A,MobileApp,ZA,Success
T00278,AC00219,2025-07-11,Purchase,321.02,Amazon,Online,SZ,Success
T00279,AC00114,2024-12-18,Deposit,8341.16,N/A,MobileApp,ZA,Success
T00280,AC00255,2024-03-17,Withdrawal,1937.25,N/A,Branch,NA,Success
T00281,AC00418,2025-02-05,Purchase,1613.37,PicknPay,Online,ZA,Success
T00282,AC00499,2025-04-26,Transfer,2426.29,FNB,EFT,ZA,Success
T00283,AC00324,2025-05-05,Deposit,1126.21,N/A,ATM,ZA,Success
T00284,AC00191,2025-10-22,Deposit,8043.06,N/A,Branch,ZA,Success
T00285,AC00337,2025-10-18,Purchase,2261.53,Amazon,Branch,ZA,Success
T00286,AC00130,2024-06-09,Deposit,11525.45,N/A,MobileApp,ZA,Success
T00287,AC00372,2025-02-13,Purchase,167.41,Shell,Branch,ZA,Success
T00288,AC00493,2024-02-13,Withdrawal,1073.59,N/A,EFT,ZA,Success
T00289,AC00381,2024-09-24,Transfer,384.35,FNB,MobileApp,ZA,Failed
T00290,AC00388,2025-02-11,Purchase,1833.95,Takealot,Branch,ZA,Success
T00291,AC00125,2025-02-05,Purchase,1703.67,Checkers,ATM,ZA,Success
T00292,AC00034,2025-01-29,Transfer,3447.21,Capitec Bank,EFT,ZA,Success
T00293,AC00316,2025-04-08,Withdrawal,1638.88,N/A,POS,NA,Success
T00294,AC00133,2024-01-16,Deposit,4392.64,N/A,POS,ZA,Success
T00295,AC00434,2024-09-05,Withdrawal,2653.36,N/A,EFT,ZA,Success
T00296,AC00150,2025-07-04,Withdrawal,844.36,N/A,POS,ZA,Success
T00297,AC00263,2024-05-13,Purchase,2130.34,Checkers,Branch,MZ,Success
T00298,AC00396,2024-03-16,Deposit,1623.36,N/A,Online,ZA,Success
T00299,AC00018,2025-05-25,Payment,1698.11,N/A,POS,ZA,Success
T00300,AC00151,2025-02-17,Fee,8.79,N/A,EFT,ZA,Failed
T00301,AC00245,2024-08-02,Purchase,1777.21,Woolworths,Branch,ZA,Success
T00302,AC00473,2024-04-19,Purchase,1736.56,Nando's,EFT,ZA,Success
T00303,AC00247,2025-04-17,Purchase,956.86,Nando's,ATM,ZA,Success
T00304,AC00362,2024-07-20,Withdrawal,768.26,N/A,Branch,BW,Success
T00305,AC00444,2025-02-17,Withdrawal,861.35,N/A,POS,ZA,Success
T00306,AC00084,2025-10-12,Purchase,514.55,Nando's,Branch,ZA,Success
T00307,AC00434,2025-02-19,Deposit,2045.3,N/A,MobileApp,ZA,Success
T00308,AC00048,2025-03-21,Deposit,18811.5,N/A,MobileApp,ZA,Success
T00309,AC00345,2024-01-27,Payment,1130.01,N/A,Online,ZA,Success
T00310,AC00301,2024-10-14,Purchase,2666.02,PicknPay,EFT,ZA,Success
T00311,AC00272,2024-01-23,Purchase,117.02,PicknPay,Branch,ZA,Success
T00312,AC00466,2024-02-14,Purchase,474.16,Woolworths,Online,ZA,Success
T00313,AC00281,2025-05-13,Purchase,958.7,Woolworths,Online,ZA,Success
T00314,AC00102,2025-03-04,Withdrawal,155.15,N/A,POS,ZA,Success
T00315,AC00026,2024-05-13,Purchase,3668.18,Nando's,EFT,ZA,Success
T00316,AC00293,2025-09-01,Payment,1169.97,N/A,Branch,ZA,Success
T00317,AC00298,2024-06-29,Deposit,13220.79,N/A,POS,NA,Success
T00318,AC00268,2024-07-12,Withdrawal,663.65,N/A,MobileApp,ZM,Success
T00319,AC00174,2025-05-31,Purchase,408.73,Nando's,Online,ZA,Success
T00320,AC00147,2025-01-20,Purchase,762.91,PicknPay,ATM,MZ,Success
T00321,AC00034,2024-10-17,Withdrawal,1533.58,N/A,ATM,ZA,Success
T00322,AC00285,2024-03-22,Purchase,1819.5,Shell,Branch,ZM,Success
T00323,AC00309,2025-07-14,Purchase,653.42,Takealot,ATM,ZA,Success
T00324,AC00116,2024-02-13,Transfer,723.41,Nedbank,EFT,ZA,Success
T00325,AC00304,2025-02-27,Purchase,481.45,Nando's,Branch,ZA,Success
T00326,AC00336,2024-05-29,Deposit,3386.57,N/A,POS,ZA,Success
T00327,AC00087,2025-04-23,Fee,53.65,N/A,POS,ZA,Success
T00328,AC00075,2024-06-11,Purchase,1349.54,Checkers,EFT,ZA,Failed
T00329,AC00349,2024-10-31,Transfer,1928.73,Capitec Bank,MobileApp,ZA,Success
T00330,AC00369,2024-02-10,Withdrawal,99.79,N/A,Branch,ZA,Success
T00331,AC00222,2025-10-27,Payment,1061.44,N/A,POS,ZA,Failed
T00332,AC00324,2024-11-03,Deposit,8574.44,N/A,Branch,MZ,Success
T00333,AC00314,2025-08-22,Deposit,3705.46,N/A,POS,ZA,Success
T00334,AC00492,2024-10-26,Deposit,4898.95,N/A,ATM,MZ,Success
T00335,AC00161,2024-02-02,Purchase,619.39,Woolworths,MobileApp,ZA,Success
T00336,AC00325,2025-09-21,Withdrawal,2373.25,N/A,MobileApp,ZA,Success
T00337,AC00483,2025-06-20,Transfer,247.2,Capitec Bank,MobileApp,ZA,Success
T00338,AC00364,2024-12-01,Deposit,5484.28,N/A,MobileApp,ZA,Success
T00339,AC00103,2024-10-27,Transfer,3577.71,FNB,EFT,ZA,Success
T00340,AC00311,2024-02-02,Deposit,9804.18,N/A,Branch,NA,Success
T00341,AC00481,2025-05-14,Withdrawal,3243.83,N/A,Branch,ZA,Failed
T00342,AC00399,2024-03-29,Withdrawal,2013.18,N/A,POS,ZA,Success
T00343,AC00239,2024-06-16,Transfer,4396.85,FNB,Branch,ZA,Success
T00344,AC00342,2025-10-10,Withdrawal,1205.36,N/A,ATM,ZA,Success
T00345,AC00472,2025-09-01,Deposit,8851.23,N/A,ATM,ZA,Success
T00346,AC00495,2025-01-27,Purchase,3552.46,Amazon,Branch,ZA,Success
T00347,AC00095,2025-10-07,Deposit,2640.09,N/A,POS,ZA,Success
T00348,AC00453,2025-05-19,Purchase,423.42,Nando's,Branch,ZA,Success
T00349,AC00001,2024-09-27,Payment,663.88,N/A,POS,ZA,Success
T00350,AC00392,2025-04-04,Deposit,12169.99,N/A,MobileApp,ZA,Pending
T00351,AC00104,2024-01-24,Withdrawal,1787.13,N/A,POS,ZA,Success
T00352,AC00026,2025-03-06,Purchase,227.45,Checkers,MobileApp,ZA,Success
T00353,AC00009,2024-02-05,Deposit,3712.08,N/A,ATM,ZA,Pending
T00354,AC00040,2024-10-29,Withdrawal,2555.56,N/A,POS,ZA,Success
T00355,AC00199,2024-02-20,Payment,1639.88,N/A,MobileApp,ZA,Success
T00356,AC00402,2024-12-21,Deposit,23431.02,N/A,EFT,ZA,Success
T00357,AC00186,2024-07-23,Purchase,2006.82,Amazon,MobileApp,MZ,Success
T00358,AC00461,2024-12-16,Withdrawal,1530.35,N/A,Branch,ZA,Success
T00359,AC00224,2024-07-04,Purchase,1537.67,Woolworths,EFT,ZA,Success
T00360,AC00097,2024-09-07,Transfer,604.06,Standard Bank,Online,MZ,Success
T00361,AC00469,2024-05-21,Purchase,373.33,Takealot,Online,ZA,Success
T00362,AC00430,2024-04-03,Purchase,1006.35,Woolworths,ATM,ZM,Success
T00363,AC00083,2024-02-11,Payment,1439.62,N/A,MobileApp,ZA,Success
T00364,AC00003,2024-04-06,Purchase,874.34,Amazon,MobileApp,BW,Success
T00365,AC00419,2024-06-07,Withdrawal,216.47,N/A,ATM,ZA,Failed
T00366,AC00219,2024-11-10,Deposit,1045.95,N/A,ATM,MZ,Success
T00367,AC00017,2024-11-19,Purchase,1118.77,Woolworths,Branch,ZA,Success
T00368,AC00126,2025-05-19,Deposit,1916.27,N/A,MobileApp,ZA,Success
T00369,AC00032,2025-08-29,Deposit,7560.77,N/A,ATM,ZA,Success
T00370,AC00464,2025-08-10,Withdrawal,1147.17,N/A,ATM,ZA,Pending
T00371,AC00202,2025-09-05,Deposit,12482.62,N/A,MobileApp,ZA,Success
T00372,AC00058,2025-04-30,Withdrawal,1566.75,N/A,Online,ZA,Success
T00373,AC00190,2024-01-22,Withdrawal,3485.69,N/A,Branch,ZA,Success
T00374,AC00192,2025-01-29,Purchase,2501.21,PicknPay,Branch,ZA,Failed
T00375,AC00283,2025-08-14,Deposit,4402.54,N/A,MobileApp,ZA,Success
T00376,AC00432,2025-07-11,Transfer,4601.29,FNB,ATM,ZA,Success
T00377,AC00420,2025-01-23,Withdrawal,1909.82,N/A,ATM,ZA,Success
T00378,AC00308,2024-08-28,Deposit,1898.32,N/A,MobileApp,ZA,Success
T00379,AC00069,2025-06-22,Transfer,2658.66,Standard Bank,Branch,ZA,Success
T00380,AC00438,2024-05-25,Purchase,1733.81,Shell,EFT,ZA,Success
T00381,AC00195,2025-07-17,Purchase,1171.78,Woolworths,Online,ZA,Success
T00382,AC00268,2024-04-17,Deposit,12410.57,N/A,Online,ZA,Success
T00383,AC00328,2025-03-03,Deposit,4759.97,N/A,ATM,ZA,Success
T00384,AC00049,2025-07-20,Deposit,4646.01,N/A,ATM,ZA,Success
T00385,AC00382,2025-01-30,Withdrawal,151.71,N/A,ATM,ZA,Success
T00386,AC00163,2024-08-17,Withdrawal,453.19,N/A,POS,MZ,Success
T00387,AC00251,2025-07-24,Purchase,248.34,Amazon,ATM,ZM,Success
T00388,AC00324,2024-01-09,Deposit,17643.87,N/A,EFT,ZA,Success
T00389,AC00002,2025-09-02,Purchase,1088.61,Shell,Branch,ZA,Success
T00390,AC00240,2025-08-08,Payment,199.37,N/A,Online,BW,Success
T00391,AC00121,2025-07-29,Withdrawal,1597.9,N/A,POS,ZA,Success
T00392,AC00207,2024-11-19,Purchase,569.6,Shell,POS,ZA,Success
T00393,AC00288,2025-02-23,Payment,2459.14,N/A,ATM,ZA,Success
T00394,AC00041,2025-02-01,Purchase,1375.82,Woolworths,Branch,ZA,Success
T00395,AC00222,2025-07-25,Purchase,1063.24,Nando's,POS,ZA,Success
T00396,AC00435,2025-10-06,Deposit,8627.72,N/A,MobileApp,ZA,Success
T00397,AC00308,2024-08-11,Purchase,353.52,Checkers,Branch,ZA,Success
T00398,AC00302,2024-05-15,Deposit,7666.6,N/A,Online,ZA,Success
T00399,AC00193,2025-03-23,Deposit,7954.73,N/A,Branch,ZA,Success
T00400,AC00010,2024-06-29,Purchase,993.03,Takealot,POS,ZA,Success
T00401,AC00177,2024-04-22,Withdrawal,329.95,N/A,MobileApp,SZ,Success
T00402,AC00264,2025-08-04,Deposit,5635.02,N/A,POS,ZM,Success
T00403,AC00151,2024-04-25,Deposit,8897.86,N/A,EFT,ZA,Pending
T00404,AC00119,2024-11-01,Purchase,1693.86,Shell,EFT,ZA,Success
T00405,AC00204,2024-06-28,Purchase,756.46,Takealot,ATM,ZA,Success
T00406,AC00255,2024-12-26,Transfer,1329.58,FNB,POS,ZA,Success
T00407,AC00492,2025-04-28,Withdrawal,3885.72,N/A,Branch,ZA,Success
T00408,AC00207,2025-05-24,Purchase,72.82,Checkers,Online,ZM,Success
T00409,AC00190,2025-06-23,Payment,2883.95,N/A,MobileApp,ZA,Success
T00410,AC00026,2024-06-13,Deposit,379.8,N/A,Online,ZA,Success
T00411,AC00432,2025-08-25,Withdrawal,2741.93,N/A,POS,ZA,Success
T00412,AC00032,2024-09-30,Transfer,6279.86,Nedbank,POS,ZA,Success
T00413,AC00209,2025-10-17,Purchase,454.64,Shell,POS,ZA,Success
T00414,AC00311,2024-09-02,Purchase,1226.34,Checkers,MobileApp,ZA,Success
T00415,AC00220,2024-09-27,Transfer,5021.57,Capitec Bank,POS,ZA,Success
T00416,AC00301,2024-03-13,Payment,1671.08,N/A,MobileApp,ZA,Success
T00417,AC00473,2025-06-05,Purchase,561.28,Amazon,Online,BW,Success
T00418,AC00081,2024-11-29,Withdrawal,1452.94,N/A,ATM,ZA,Success
T00419,AC00354,2024-09-07,Purchase,326.37,Woolworths,MobileApp,ZA,Success
T00420,AC00075,2025-11-02,Withdrawal,757.72,N/A,POS,MZ,Success
T00421,AC00170,2025-09-16,Withdrawal,2476.02,N/A,Online,ZA,Success
T00422,AC00098,2025-07-23,Purchase,128.38,Nando's,Online,ZA,Success
T00423,AC00073,2024-08-12,Deposit,15038.07,N/A,EFT,ZA,Success
T00424,AC00252,2024-09-26,Deposit,8819.61,N/A,POS,MZ,Success
T00425,AC00468,2024-06-14,Withdrawal,338.97,N/A,Online,ZA,Success
T00426,AC00212,2025-10-14,Deposit,2710.41,N/A,POS,ZA,Success
T00427,AC00161,2024-05-14,Purchase,456.34,Checkers,MobileApp,ZA,Success
T00428,AC00387,2024-02-28,Withdrawal,306.33,N/A,POS,ZA,Success
T00429,AC00396,2025-04-18,Purchase,1401.72,Amazon,EFT,ZA,Success
T00430,AC00004,2024-12-31,Deposit,171.09,N/A,Branch,ZA,Success
T00431,AC00454,2024-05-12,Fee,106.58,N/A,Branch,ZA,Success
T00432,AC00188,2025-09-25,Withdrawal,2291.34,N/A,Branch,ZA,Failed
T00433,AC00191,2024-09-11,Withdrawal,320.28,N/A,Branch,NA,Success
T00434,AC00491,2024-11-07,Purchase,777.2,Amazon,Online,NA,Success
T00435,AC00186,2024-02-12,Payment,650.56,N/A,POS,ZA,Success
T00436,AC00374,2025-03-10,Withdrawal,1346.76,N/A,EFT,ZA,Success
T00437,AC00042,2025-04-02,Purchase,1917.51,Shell,MobileApp,ZA,Success
T00438,AC00402,2025-05-19,Deposit,11598.47,N/A,EFT,ZA,Success
T00439,AC00385,2024-02-24,Withdrawal,2388.25,N/A,Online,ZA,Pending
T00440,AC00197,2024-06-26,Withdrawal,314.52,N/A,Online,ZA,Success
T00441,AC00068,2025-07-27,Transfer,6275.94,FNB,POS,ZA,Success
T00442,AC00367,2025-01-22,Withdrawal,685.37,N/A,Branch,ZA,Success
T00443,AC00331,2025-05-25,Withdrawal,2402.72,N/A,MobileApp,ZA,Success
T00444,AC00486,2025-10-31,Withdrawal,3718.79,N/A,ATM,ZA,Success
T00445,AC00019,2024-11-16,Purchase,968.13,Woolworths,POS,ZA,Failed
T00446,AC00448,2024-11-10,Deposit,7353.19,N/A,POS,ZA,Success
T00447,AC00073,2024-10-11,Purchase,419.72,Nando's,MobileApp,ZA,Success
T00448,AC00026,2024-06-11,Withdrawal,1961.48,N/A,EFT,ZA,Success
T00449,AC00376,2025-01-01,Deposit,13759.0,N/A,POS,ZA,Failed
T00450,AC00159,2025-06-27,Purchase,560.55,Amazon,EFT,ZA,Success
T00451,AC00136,2025-01-12,Deposit,2475.61,N/A,ATM,ZA,Success
T00452,AC00171,2024-04-04,Deposit,5866.71,N/A,POS,ZA,Success
T00453,AC00021,2025-03-15,Fee,46.75,N/A,Online,ZA,Success
T00454,AC00041,2024-09-05,Withdrawal,2365.64,N/A,MobileApp,BW,Failed
T00455,AC00066,2025-01-07,Transfer,1793.76,Standard Bank,EFT,ZA,Success
T00456,AC00071,2024-04-06,Payment,434.17,N/A,Online,ZA,Success
T00457,AC00123,2024-12-26,Transfer,6031.87,Standard Bank,MobileApp,ZA,Success
T00458,AC00163,2024-09-05,Purchase,1270.8,Amazon,Online,ZM,Success
T00459,AC00494,2024-03-08,Deposit,7587.05,N/A,ATM,ZA,Success
T00460,AC00108,2025-01-10,Transfer,6501.29,FNB,Branch,ZA,Pending
T00461,AC00387,2025-07-01,Deposit,4832.43,N/A,Branch,ZA,Success
T00462,AC00081,2025-11-09,Fee,51.4,N/A,MobileApp,ZA,Success
T00463,AC00228,2025-11-04,Deposit,1483.49,N/A,Branch,ZA,Success
T00464,AC00102,2024-11-14,Purchase,814.01,Nando's,EFT,ZA,Success
T00465,AC00210,2024-02-14,Withdrawal,942.89,N/A,Branch,ZA,Success
T00466,AC00191,2025-08-06,Withdrawal,1111.48,N/A,MobileApp,ZA,Success
T00467,AC00068,2024-12-28,Withdrawal,700.66,N/A,EFT,ZA,Success
T00468,AC00160,2025-06-14,Purchase,14.48,Woolworths,MobileApp,ZA,Success
T00469,AC00402,2024-01-13,Deposit,6544.11,N/A,Online,ZA,Success
T00470,AC00304,2025-01-29,Purchase,268.33,PicknPay,Online,ZA,Success
T00471,AC00094,2025-11-06,Withdrawal,1167.01,N/A,Branch,ZA,Success
T00472,AC00236,2024-04-08,Withdrawal,970.72,N/A,Online,ZA,Success
T00473,AC00013,2024-01-03,Payment,23.99,N/A,EFT,ZA,Success
T00474,AC00294,2024-01-03,Fee,89.91,N/A,Branch,SZ,Success
T00475,AC00092,2025-08-10,Transfer,7826.11,FNB,ATM,ZA,Success
T00476,AC00376,2024-07-02,Transfer,3266.55,Standard Bank,POS,ZA,Success
T00477,AC00485,2025-04-18,Withdrawal,2996.19,N/A,MobileApp,ZA,Failed
T00478,AC00321,2024-04-21,Purchase,288.29,Amazon,POS,ZA,Success
T00479,AC00063,2024-08-09,Purchase,1272.55,Shell,EFT,ZA,Success
T00480,AC00017,2025-01-17,Deposit,2174.87,N/A,MobileApp,BW,Success
T00481,AC00383,2024-03-09,Purchase,1496.4,Amazon,POS,ZA,Success
T00482,AC00073,2025-06-08,Deposit,3786.14,N/A,Branch,SZ,Success
T00483,AC00213,2024-05-21,Purchase,1010.2,Shell,EFT,MZ,Success
T00484,AC00338,2025-02-14,Payment,841.17,N/A,Online,ZA,Success
T00485,AC00150,2024-07-07,Payment,698.63,N/A,POS,ZA,Success
T00486,AC00263,2025-03-24,Transfer,1115.88,Standard Bank,Branch,ZA,Success
T00487,AC00387,2025-09-13,Deposit,5598.08,N/A,Online,ZA,Success
T00488,AC00109,2024-04-07,Purchase,1919.27,Nando's,Branch,ZA,Failed
T00489,AC00030,2025-06-11,Deposit,240.96,N/A,Branch,ZA,Success
T00490,AC00460,2024-10-05,Withdrawal,389.14,N/A,POS,ZA,Success
T00491,AC00037,2025-05-05,Purchase,992.68,Shell,ATM,ZA,Success
T00492,AC00309,2024-07-05,Deposit,3038.8,N/A,EFT,ZA,Success
T00493,AC00494,2025-01-18,Purchase,1262.72,Amazon,ATM,ZA,Success
T00494,AC00269,2025-11-05,Withdrawal,2077.44,N/A,EFT,ZA,Success
T00495,AC00398,2024-06-03,Transfer,7164.76,Nedbank,Online,ZA,Pending
T00496,AC00263,2024-05-03,Purchase,660.27,PicknPay,Branch,ZA,Success
T00497,AC00277,2025-10-25,Transfer,7109.19,Nedbank,ATM,ZA,Success
T00498,AC00469,2024-05-16,Payment,823.41,N/A,Branch,SZ,Success
T00499,AC00478,2024-03-20,Transfer,3415.48,Standard Bank,Branch,ZA,Success
T00500,AC00364,2025-10-16,Purchase,575.65,Shell,EFT,ZA,Success
